{
    "styles": {
        "Controls / Buttons / Submit / Text": {
            "tokens": {}
        },
        "Controls / Buttons / Submit / Cancel / Text": {
            "tokens": {
                "@color-secondary": true
            }
        },
        "@btn-submit-ok-back": {
            "tokens": {
                "@color-primary": true,
                "@radius-medium": true
            }
        },
        "Controls / Buttons / Submit / Cancel / Back ": {
            "tokens": {
                "@color-secondary": true,
                "@radius-medium": true
            }
        },
        "Controls / Buttons / Submit / Disabled / Text": {
            "tokens": {}
        },
        "Controls / Buttons / Submit / Disabled / Back": {
            "tokens": {
                "@radius-medium": true
            }
        }
    },
    "Controls / Buttons / Submit / Ok": {
        "layers": {
            "Back": {
                "tokens": {
                    "@color-primary": true,
                    "@radius-medium": true
                }
            }
        }
    },
    "Controls / Buttons / Submit / Cancel": {
        "layers": {
            "Label": {
                "tokens": {
                    "@color-secondary": true
                }
            },
            "Back": {
                "tokens": {
                    "@color-secondary": true,
                    "@radius-medium": true
                }
            }
        }
    },
    "Controls / Buttons / Submit / Back": {
        "layers": {
            "Label": {
                "tokens": {
                    "@color-secondary": true
                }
            },
            "Back": {
                "tokens": {
                    "@color-secondary": true,
                    "@radius-medium": true
                }
            }
        }
    },
    "Controls / Buttons / Submit / Disabled": {
        "layers": {
            "Back": {
                "tokens": {
                    "@radius-medium": true
                }
            }
        }
    }
}