{"styles":{"Controls/Buttons/Submit/Ok/Text":{"tokens":{"@color-white":true,"@font-size-normal":true}},"Controls/Buttons/Submit/Ok/Back":{"tokens":{"@color-primary":true,"@color-secondary":true,"@shadow-large":true}},"Controls/Buttons/Submit/Cancel/Text":{"tokens":{"@color-white":true,"@font-size-normal":true}},"Controls/Buttons/Submit/Cancel/Back":{"tokens":{"@color-secondary":true,"@inner-shadow-1":true}}},"Controls / Buttons / Submit / Ok":{"layers":{"Label":{"tokens":{"@color-white":true,"@font-size-normal":true}},"Back":{"tokens":{"@color-primary":true,"@color-secondary":true,"@shadow-large":true}}}},"Controls / Buttons / Submit / Cancel":{"layers":{"Label":{"tokens":{"@color-white":true,"@font-size-normal":true}},"Back":{"tokens":{"@color-secondary":true,"@inner-shadow-1":true}}}}}